{
  "config": {
    "Nt": 64,
    "Nr": 16,
    "L": 3,
    "F_size": 64,
    "W_size": 16,
    "T_values": [
      8,
      16,
      32,
      64,
      128
    ],
    "T_default": 32,
    "train_snr": [
      -10,
      20
    ],
    "mismatch_train_snr": [
      5,
      20
    ],
    "n_train": 50000,
    "n_val": 10000,
    "n_test": 10000
  },
  "rate_vs_T": {
    "8": {
      "oracle": 11.6885479013805,
      "exhaustive": 11.687829965410707,
      "random": 2.1866802269519394,
      "ml": 5.229088025024096
    },
    "16": {
      "oracle": 11.525833286572112,
      "exhaustive": 11.524909638976307,
      "random": 3.2783237490068236,
      "ml": 6.2399165203630655
    },
    "32": {
      "oracle": 11.646951494116427,
      "exhaustive": 11.646164274682688,
      "random": 4.861041221887445,
      "ml": 7.102613642434724
    },
    "64": {
      "oracle": 11.582544371040964,
      "exhaustive": 11.581681787184658,
      "random": 6.329666944845167,
      "ml": 8.21901629561566
    },
    "128": {
      "oracle": 11.658404592784152,
      "exhaustive": 11.657389414248442,
      "random": 8.191922789334248,
      "ml": 8.559022623589371
    }
  },
  "acc_vs_snr": {
    "-10": 0.1715,
    "-5": 0.204,
    "0": 0.2305,
    "5": 0.2415,
    "10": 0.237,
    "15": 0.241,
    "20": 0.25
  },
  "snr_mismatch": {
    "matched": {
      "-10": 0.187,
      "-8": 0.184,
      "-6": 0.201,
      "-4": 0.223,
      "-2": 0.2325,
      "0": 0.2295
    },
    "mismatched": {
      "-10": 0.135,
      "-8": 0.133,
      "-6": 0.178,
      "-4": 0.194,
      "-2": 0.2255,
      "0": 0.23
    }
  }
}