{
  "-10": {
    "top1": 0.171,
    "top5": 0.249
  },
  "-5": {
    "top1": 0.198,
    "top5": 0.285
  },
  "0": {
    "top1": 0.2465,
    "top5": 0.3385
  },
  "5": {
    "top1": 0.2285,
    "top5": 0.3125
  },
  "10": {
    "top1": 0.23549999999999996,
    "top5": 0.3185
  },
  "15": {
    "top1": 0.251,
    "top5": 0.345
  },
  "20": {
    "top1": 0.247,
    "top5": 0.32800000000000007
  }
}